Prefab名,Prefabパス,ScrollRect有無,ScrollRect件数,オブジェクト名,階層パス,ScrollRectコンポーネント有無
Stage181,Assets/Prefabs/Stages/Stage181.prefab,有,1,ScrollRect,"Stage181/Canvas/ScrollRect",無
Stage182,Assets/Prefabs/Stages/Stage182.prefab,有,1,ScrollRect,"Stage182/Canvas/ScrollRect",無
Stage183,Assets/Prefabs/Stages/Stage183.prefab,有,1,ScrollRect,"Stage183/Canvas/ScrollRect",無
Stage190,Assets/Prefabs/Stages/Stage190.prefab,有,1,ScrollRect,"Stage190/Canvas/ScrollRect",無
Stage191,Assets/Prefabs/Stages/Stage191.prefab,有,1,ScrollRect,"Stage191/Canvas/ScrollRect",無
Stage192,Assets/Prefabs/Stages/Stage192.prefab,有,1,ScrollRect,"Stage192/Canvas/ScrollRect",無
Stage199,Assets/Prefabs/Stages/Stage199.prefab,有,1,ScrollRect,"Stage199/Canvas/ScrollRect",無
Stage200,Assets/Prefabs/Stages/Stage200.prefab,有,1,ScrollRect,"Stage200/Canvas/ScrollRect",無
Stage201,Assets/Prefabs/Stages/Stage201.prefab,有,1,ScrollRect,"Stage201/Canvas/ScrollRect",無
Stage208,Assets/Prefabs/Stages/Stage208.prefab,有,1,ScrollRect,"Stage208/Canvas/ScrollRect",無
Stage209,Assets/Prefabs/Stages/Stage209.prefab,有,1,ScrollRect,"Stage209/Canvas/ScrollRect",無
Stage210,Assets/Prefabs/Stages/Stage210.prefab,有,1,ScrollRect,"Stage210/Canvas/ScrollRect",無
Stage217,Assets/Prefabs/Stages/Stage217.prefab,有,1,ScrollRect,"Stage217/Canvas/ScrollRect",無
Stage218,Assets/Prefabs/Stages/Stage218.prefab,有,1,ScrollRect,"Stage218/Canvas/ScrollRect",無
Stage219,Assets/Prefabs/Stages/Stage219.prefab,有,1,ScrollRect,"Stage219/Canvas/ScrollRect",無
Stage226,Assets/Prefabs/Stages/Stage226.prefab,有,1,ScrollRect,"Stage226/Canvas/ScrollRect",無
Stage227,Assets/Prefabs/Stages/Stage227.prefab,有,1,ScrollRect,"Stage227/Canvas/ScrollRect",無
Stage228,Assets/Prefabs/Stages/Stage228.prefab,有,1,ScrollRect,"Stage228/Canvas/ScrollRect",無
Stage235,Assets/Prefabs/Stages/Stage235.prefab,有,1,ScrollRect,"Stage235/Canvas/ScrollRect",無
Stage236,Assets/Prefabs/Stages/Stage236.prefab,有,1,ScrollRect,"Stage236/Canvas/ScrollRect",無
Stage237,Assets/Prefabs/Stages/Stage237.prefab,有,1,ScrollRect,"Stage237/Canvas/ScrollRect",無
Stage244,Assets/Prefabs/Stages/Stage244.prefab,有,1,ScrollRect,"Stage244/Canvas/ScrollRect",無
Stage245,Assets/Prefabs/Stages/Stage245.prefab,有,1,ScrollRect,"Stage245/Canvas/ScrollRect",無
Stage246,Assets/Prefabs/Stages/Stage246.prefab,有,1,ScrollRect,"Stage246/Canvas/ScrollRect",無
Stage253,Assets/Prefabs/Stages/Stage253.prefab,有,1,ScrollRect,"Stage253/Canvas/ScrollRect",無
Stage254,Assets/Prefabs/Stages/Stage254.prefab,有,1,ScrollRect,"Stage254/Canvas/ScrollRect",無
Stage255,Assets/Prefabs/Stages/Stage255.prefab,有,1,ScrollRect,"Stage255/Canvas/ScrollRect",無
Stage262,Assets/Prefabs/Stages/Stage262.prefab,有,1,ScrollRect,"Stage262/Canvas/ScrollRect",無
Stage263,Assets/Prefabs/Stages/Stage263.prefab,有,1,ScrollRect,"Stage263/Canvas/ScrollRect",無
Stage264,Assets/Prefabs/Stages/Stage264.prefab,有,1,ScrollRect,"Stage264/Canvas/ScrollRect",無
Stage271,Assets/Prefabs/Stages/Stage271.prefab,有,1,ScrollRect,"Stage271/Canvas/ScrollRect",無
Stage272,Assets/Prefabs/Stages/Stage272.prefab,有,1,ScrollRect,"Stage272/Canvas/ScrollRect",無
Stage273,Assets/Prefabs/Stages/Stage273.prefab,有,1,ScrollRect,"Stage273/Canvas/ScrollRect",無
Stage280,Assets/Prefabs/Stages/Stage280.prefab,有,1,ScrollRect,"Stage280/Canvas/ScrollRect",無
Stage281,Assets/Prefabs/Stages/Stage281.prefab,有,1,ScrollRect,"Stage281/Canvas/ScrollRect",無
Stage282,Assets/Prefabs/Stages/Stage282.prefab,有,1,ScrollRect,"Stage282/Canvas/ScrollRect",無
Stage289,Assets/Prefabs/Stages/Stage289.prefab,有,1,ScrollRect,"Stage289/Canvas/ScrollRect",無
Stage290,Assets/Prefabs/Stages/Stage290.prefab,有,1,ScrollRect,"Stage290/Canvas/ScrollRect",無
Stage291,Assets/Prefabs/Stages/Stage291.prefab,有,1,ScrollRect,"Stage291/Canvas/ScrollRect",無
Stage298,Assets/Prefabs/Stages/Stage298.prefab,有,1,ScrollRect,"Stage298/Canvas/ScrollRect",無
Stage299,Assets/Prefabs/Stages/Stage299.prefab,有,1,ScrollRect,"Stage299/Canvas/ScrollRect",無
Stage300,Assets/Prefabs/Stages/Stage300.prefab,有,1,ScrollRect,"Stage300/Canvas/ScrollRect",無
Stage307,Assets/Prefabs/Stages/Stage307.prefab,有,1,ScrollRect,"Stage307/Canvas/ScrollRect",無
Stage308,Assets/Prefabs/Stages/Stage308.prefab,有,1,ScrollRect,"Stage308/Canvas/ScrollRect",無
Stage309,Assets/Prefabs/Stages/Stage309.prefab,有,1,ScrollRect,"Stage309/Canvas/ScrollRect",無
Stage316,Assets/Prefabs/Stages/Stage316.prefab,有,1,ScrollRect,"Stage316/Canvas/ScrollRect",無
Stage317,Assets/Prefabs/Stages/Stage317.prefab,有,1,ScrollRect,"Stage317/Canvas/ScrollRect",無
Stage318,Assets/Prefabs/Stages/Stage318.prefab,有,1,ScrollRect,"Stage318/Canvas/ScrollRect",無
Stage325,Assets/Prefabs/Stages/Stage325.prefab,有,1,ScrollRect,"Stage325/Canvas/ScrollRect",無
Stage326,Assets/Prefabs/Stages/Stage326.prefab,有,1,ScrollRect,"Stage326/Canvas/ScrollRect",無
Stage327,Assets/Prefabs/Stages/Stage327.prefab,有,1,ScrollRect,"Stage327/Canvas/ScrollRect",無
Stage334,Assets/Prefabs/Stages/Stage334.prefab,有,1,ScrollRect,"Stage334/Canvas/ScrollRect",無
Stage335,Assets/Prefabs/Stages/Stage335.prefab,有,1,ScrollRect,"Stage335/Canvas/ScrollRect",無
Stage336,Assets/Prefabs/Stages/Stage336.prefab,有,1,ScrollRect,"Stage336/Canvas/ScrollRect",無
Stage343,Assets/Prefabs/Stages/Stage343.prefab,有,1,ScrollRect,"Stage343/Canvas/ScrollRect",無
Stage344,Assets/Prefabs/Stages/Stage344.prefab,有,1,ScrollRect,"Stage344/Canvas/ScrollRect",無
Stage345,Assets/Prefabs/Stages/Stage345.prefab,有,1,ScrollRect,"Stage345/Canvas/ScrollRect",無
Stage352,Assets/Prefabs/Stages/Stage352.prefab,有,1,ScrollRect,"Stage352/Canvas/ScrollRect",無
Stage353,Assets/Prefabs/Stages/Stage353.prefab,有,1,ScrollRect,"Stage353/Canvas/ScrollRect",無
Stage354,Assets/Prefabs/Stages/Stage354.prefab,有,1,ScrollRect,"Stage354/Canvas/ScrollRect",無
DailyStage001,Assets/Prefabs/Stages/DailyStage001.prefab,無,0,,,
DailyStage002,Assets/Prefabs/Stages/DailyStage002.prefab,無,0,,,
DailyStage003,Assets/Prefabs/Stages/DailyStage003.prefab,無,0,,,
DailyStage004,Assets/Prefabs/Stages/DailyStage004.prefab,無,0,,,
DailyStage005,Assets/Prefabs/Stages/DailyStage005.prefab,無,0,,,
DailyStage006,Assets/Prefabs/Stages/DailyStage006.prefab,無,0,,,
DailyStage007,Assets/Prefabs/Stages/DailyStage007.prefab,無,0,,,
DailyStage008,Assets/Prefabs/Stages/DailyStage008.prefab,無,0,,,
DailyStage009,Assets/Prefabs/Stages/DailyStage009.prefab,無,0,,,
DailyStage010,Assets/Prefabs/Stages/DailyStage010.prefab,無,0,,,
DailyStage011,Assets/Prefabs/Stages/DailyStage011.prefab,無,0,,,
DailyStage012,Assets/Prefabs/Stages/DailyStage012.prefab,無,0,,,
DailyStage013,Assets/Prefabs/Stages/DailyStage013.prefab,無,0,,,
DailyStage014,Assets/Prefabs/Stages/DailyStage014.prefab,無,0,,,
DailyStage015,Assets/Prefabs/Stages/DailyStage015.prefab,無,0,,,
DailyStage016,Assets/Prefabs/Stages/DailyStage016.prefab,無,0,,,
DailyStage017,Assets/Prefabs/Stages/DailyStage017.prefab,無,0,,,
DailyStage018,Assets/Prefabs/Stages/DailyStage018.prefab,無,0,,,
DailyStage019,Assets/Prefabs/Stages/DailyStage019.prefab,無,0,,,
DailyStage020,Assets/Prefabs/Stages/DailyStage020.prefab,無,0,,,
DailyStage021,Assets/Prefabs/Stages/DailyStage021.prefab,無,0,,,
DailyStage022,Assets/Prefabs/Stages/DailyStage022.prefab,無,0,,,
DailyStage023,Assets/Prefabs/Stages/DailyStage023.prefab,無,0,,,
DailyStage024,Assets/Prefabs/Stages/DailyStage024.prefab,無,0,,,
DailyStage025,Assets/Prefabs/Stages/DailyStage025.prefab,無,0,,,
DailyStage026,Assets/Prefabs/Stages/DailyStage026.prefab,無,0,,,
DailyStage027,Assets/Prefabs/Stages/DailyStage027.prefab,無,0,,,
DailyStage028,Assets/Prefabs/Stages/DailyStage028.prefab,無,0,,,
DailyStage029,Assets/Prefabs/Stages/DailyStage029.prefab,無,0,,,
DailyStage030,Assets/Prefabs/Stages/DailyStage030.prefab,無,0,,,
DailyStage031,Assets/Prefabs/Stages/DailyStage031.prefab,無,0,,,
HomePanels001,Assets/Prefabs/Stages/HomePanels001.prefab,無,0,,,
HomePanels002,Assets/Prefabs/Stages/HomePanels002.prefab,無,0,,,
HomePanels003,Assets/Prefabs/Stages/HomePanels003.prefab,無,0,,,
HomePanels004,Assets/Prefabs/Stages/HomePanels004.prefab,無,0,,,
HomePanels005,Assets/Prefabs/Stages/HomePanels005.prefab,無,0,,,
HomePanels006,Assets/Prefabs/Stages/HomePanels006.prefab,無,0,,,
HomePanels007,Assets/Prefabs/Stages/HomePanels007.prefab,無,0,,,
HomePanels008,Assets/Prefabs/Stages/HomePanels008.prefab,無,0,,,
HomePanels009,Assets/Prefabs/Stages/HomePanels009.prefab,無,0,,,
HomePanels010,Assets/Prefabs/Stages/HomePanels010.prefab,無,0,,,
HomePanels011,Assets/Prefabs/Stages/HomePanels011.prefab,無,0,,,
HomePanels012,Assets/Prefabs/Stages/HomePanels012.prefab,無,0,,,
HomePanels013,Assets/Prefabs/Stages/HomePanels013.prefab,無,0,,,
HomePanels014,Assets/Prefabs/Stages/HomePanels014.prefab,無,0,,,
HomePanels015,Assets/Prefabs/Stages/HomePanels015.prefab,無,0,,,
HomePanels016,Assets/Prefabs/Stages/HomePanels016.prefab,無,0,,,
HomePanels017,Assets/Prefabs/Stages/HomePanels017.prefab,無,0,,,
HomePanels018,Assets/Prefabs/Stages/HomePanels018.prefab,無,0,,,
HomePanels019,Assets/Prefabs/Stages/HomePanels019.prefab,無,0,,,
HomePanels020,Assets/Prefabs/Stages/HomePanels020.prefab,無,0,,,
Stage001,Assets/Prefabs/Stages/Stage001.prefab,無,0,,,
Stage002,Assets/Prefabs/Stages/Stage002.prefab,無,0,,,
Stage003,Assets/Prefabs/Stages/Stage003.prefab,無,0,,,
Stage004,Assets/Prefabs/Stages/Stage004.prefab,無,0,,,
Stage005,Assets/Prefabs/Stages/Stage005.prefab,無,0,,,
Stage006,Assets/Prefabs/Stages/Stage006.prefab,無,0,,,
Stage007,Assets/Prefabs/Stages/Stage007.prefab,無,0,,,
Stage008,Assets/Prefabs/Stages/Stage008.prefab,無,0,,,
Stage009,Assets/Prefabs/Stages/Stage009.prefab,無,0,,,
Stage010,Assets/Prefabs/Stages/Stage010.prefab,無,0,,,
Stage011,Assets/Prefabs/Stages/Stage011.prefab,無,0,,,
Stage012,Assets/Prefabs/Stages/Stage012.prefab,無,0,,,
Stage013,Assets/Prefabs/Stages/Stage013.prefab,無,0,,,
Stage014,Assets/Prefabs/Stages/Stage014.prefab,無,0,,,
Stage015,Assets/Prefabs/Stages/Stage015.prefab,無,0,,,
Stage016,Assets/Prefabs/Stages/Stage016.prefab,無,0,,,
Stage017,Assets/Prefabs/Stages/Stage017.prefab,無,0,,,
Stage018,Assets/Prefabs/Stages/Stage018.prefab,無,0,,,
Stage019,Assets/Prefabs/Stages/Stage019.prefab,無,0,,,
Stage020,Assets/Prefabs/Stages/Stage020.prefab,無,0,,,
Stage021,Assets/Prefabs/Stages/Stage021.prefab,無,0,,,
Stage022,Assets/Prefabs/Stages/Stage022.prefab,無,0,,,
Stage023,Assets/Prefabs/Stages/Stage023.prefab,無,0,,,
Stage024,Assets/Prefabs/Stages/Stage024.prefab,無,0,,,
Stage025,Assets/Prefabs/Stages/Stage025.prefab,無,0,,,
Stage026,Assets/Prefabs/Stages/Stage026.prefab,無,0,,,
Stage027,Assets/Prefabs/Stages/Stage027.prefab,無,0,,,
Stage028,Assets/Prefabs/Stages/Stage028.prefab,無,0,,,
Stage029,Assets/Prefabs/Stages/Stage029.prefab,無,0,,,
Stage030,Assets/Prefabs/Stages/Stage030.prefab,無,0,,,
Stage031,Assets/Prefabs/Stages/Stage031.prefab,無,0,,,
Stage032,Assets/Prefabs/Stages/Stage032.prefab,無,0,,,
Stage033,Assets/Prefabs/Stages/Stage033.prefab,無,0,,,
Stage034,Assets/Prefabs/Stages/Stage034.prefab,無,0,,,
Stage035,Assets/Prefabs/Stages/Stage035.prefab,無,0,,,
Stage036,Assets/Prefabs/Stages/Stage036.prefab,無,0,,,
Stage037,Assets/Prefabs/Stages/Stage037.prefab,無,0,,,
Stage038,Assets/Prefabs/Stages/Stage038.prefab,無,0,,,
Stage039,Assets/Prefabs/Stages/Stage039.prefab,無,0,,,
Stage040,Assets/Prefabs/Stages/Stage040.prefab,無,0,,,
Stage041,Assets/Prefabs/Stages/Stage041.prefab,無,0,,,
Stage042,Assets/Prefabs/Stages/Stage042.prefab,無,0,,,
Stage043,Assets/Prefabs/Stages/Stage043.prefab,無,0,,,
Stage044,Assets/Prefabs/Stages/Stage044.prefab,無,0,,,
Stage045,Assets/Prefabs/Stages/Stage045.prefab,無,0,,,
Stage046,Assets/Prefabs/Stages/Stage046.prefab,無,0,,,
Stage047,Assets/Prefabs/Stages/Stage047.prefab,無,0,,,
Stage048,Assets/Prefabs/Stages/Stage048.prefab,無,0,,,
Stage049,Assets/Prefabs/Stages/Stage049.prefab,無,0,,,
Stage050,Assets/Prefabs/Stages/Stage050.prefab,無,0,,,
Stage051,Assets/Prefabs/Stages/Stage051.prefab,無,0,,,
Stage052,Assets/Prefabs/Stages/Stage052.prefab,無,0,,,
Stage053,Assets/Prefabs/Stages/Stage053.prefab,無,0,,,
Stage054,Assets/Prefabs/Stages/Stage054.prefab,無,0,,,
Stage055,Assets/Prefabs/Stages/Stage055.prefab,無,0,,,
Stage056,Assets/Prefabs/Stages/Stage056.prefab,無,0,,,
Stage057,Assets/Prefabs/Stages/Stage057.prefab,無,0,,,
Stage058,Assets/Prefabs/Stages/Stage058.prefab,無,0,,,
Stage059,Assets/Prefabs/Stages/Stage059.prefab,無,0,,,
Stage060,Assets/Prefabs/Stages/Stage060.prefab,無,0,,,
Stage061,Assets/Prefabs/Stages/Stage061.prefab,無,0,,,
Stage062,Assets/Prefabs/Stages/Stage062.prefab,無,0,,,
Stage063,Assets/Prefabs/Stages/Stage063.prefab,無,0,,,
Stage064,Assets/Prefabs/Stages/Stage064.prefab,無,0,,,
Stage065,Assets/Prefabs/Stages/Stage065.prefab,無,0,,,
Stage066,Assets/Prefabs/Stages/Stage066.prefab,無,0,,,
Stage067,Assets/Prefabs/Stages/Stage067.prefab,無,0,,,
Stage068,Assets/Prefabs/Stages/Stage068.prefab,無,0,,,
Stage069,Assets/Prefabs/Stages/Stage069.prefab,無,0,,,
Stage070,Assets/Prefabs/Stages/Stage070.prefab,無,0,,,
Stage071,Assets/Prefabs/Stages/Stage071.prefab,無,0,,,
Stage072,Assets/Prefabs/Stages/Stage072.prefab,無,0,,,
Stage073,Assets/Prefabs/Stages/Stage073.prefab,無,0,,,
Stage074,Assets/Prefabs/Stages/Stage074.prefab,無,0,,,
Stage075,Assets/Prefabs/Stages/Stage075.prefab,無,0,,,
Stage076,Assets/Prefabs/Stages/Stage076.prefab,無,0,,,
Stage077,Assets/Prefabs/Stages/Stage077.prefab,無,0,,,
Stage078,Assets/Prefabs/Stages/Stage078.prefab,無,0,,,
Stage079,Assets/Prefabs/Stages/Stage079.prefab,無,0,,,
Stage080,Assets/Prefabs/Stages/Stage080.prefab,無,0,,,
Stage081,Assets/Prefabs/Stages/Stage081.prefab,無,0,,,
Stage082,Assets/Prefabs/Stages/Stage082.prefab,無,0,,,
Stage083,Assets/Prefabs/Stages/Stage083.prefab,無,0,,,
Stage084,Assets/Prefabs/Stages/Stage084.prefab,無,0,,,
Stage085,Assets/Prefabs/Stages/Stage085.prefab,無,0,,,
Stage086,Assets/Prefabs/Stages/Stage086.prefab,無,0,,,
Stage087,Assets/Prefabs/Stages/Stage087.prefab,無,0,,,
Stage088,Assets/Prefabs/Stages/Stage088.prefab,無,0,,,
Stage089,Assets/Prefabs/Stages/Stage089.prefab,無,0,,,
Stage090,Assets/Prefabs/Stages/Stage090.prefab,無,0,,,
Stage091,Assets/Prefabs/Stages/Stage091.prefab,無,0,,,
Stage092,Assets/Prefabs/Stages/Stage092.prefab,無,0,,,
Stage093,Assets/Prefabs/Stages/Stage093.prefab,無,0,,,
Stage094,Assets/Prefabs/Stages/Stage094.prefab,無,0,,,
Stage095,Assets/Prefabs/Stages/Stage095.prefab,無,0,,,
Stage096,Assets/Prefabs/Stages/Stage096.prefab,無,0,,,
Stage097,Assets/Prefabs/Stages/Stage097.prefab,無,0,,,
Stage098,Assets/Prefabs/Stages/Stage098.prefab,無,0,,,
Stage099,Assets/Prefabs/Stages/Stage099.prefab,無,0,,,
Stage100,Assets/Prefabs/Stages/Stage100.prefab,無,0,,,
Stage101,Assets/Prefabs/Stages/Stage101.prefab,無,0,,,
Stage102,Assets/Prefabs/Stages/Stage102.prefab,無,0,,,
Stage103,Assets/Prefabs/Stages/Stage103.prefab,無,0,,,
Stage104,Assets/Prefabs/Stages/Stage104.prefab,無,0,,,
Stage105,Assets/Prefabs/Stages/Stage105.prefab,無,0,,,
Stage106,Assets/Prefabs/Stages/Stage106.prefab,無,0,,,
Stage107,Assets/Prefabs/Stages/Stage107.prefab,無,0,,,
Stage108,Assets/Prefabs/Stages/Stage108.prefab,無,0,,,
Stage109,Assets/Prefabs/Stages/Stage109.prefab,無,0,,,
Stage110,Assets/Prefabs/Stages/Stage110.prefab,無,0,,,
Stage111,Assets/Prefabs/Stages/Stage111.prefab,無,0,,,
Stage112,Assets/Prefabs/Stages/Stage112.prefab,無,0,,,
Stage113,Assets/Prefabs/Stages/Stage113.prefab,無,0,,,
Stage114,Assets/Prefabs/Stages/Stage114.prefab,無,0,,,
Stage115,Assets/Prefabs/Stages/Stage115.prefab,無,0,,,
Stage116,Assets/Prefabs/Stages/Stage116.prefab,無,0,,,
Stage117,Assets/Prefabs/Stages/Stage117.prefab,無,0,,,
Stage118,Assets/Prefabs/Stages/Stage118.prefab,無,0,,,
Stage119,Assets/Prefabs/Stages/Stage119.prefab,無,0,,,
Stage120,Assets/Prefabs/Stages/Stage120.prefab,無,0,,,
Stage121,Assets/Prefabs/Stages/Stage121.prefab,無,0,,,
Stage122,Assets/Prefabs/Stages/Stage122.prefab,無,0,,,
Stage123,Assets/Prefabs/Stages/Stage123.prefab,無,0,,,
Stage124,Assets/Prefabs/Stages/Stage124.prefab,無,0,,,
Stage125,Assets/Prefabs/Stages/Stage125.prefab,無,0,,,
Stage126,Assets/Prefabs/Stages/Stage126.prefab,無,0,,,
Stage127,Assets/Prefabs/Stages/Stage127.prefab,無,0,,,
Stage128,Assets/Prefabs/Stages/Stage128.prefab,無,0,,,
Stage129,Assets/Prefabs/Stages/Stage129.prefab,無,0,,,
Stage130,Assets/Prefabs/Stages/Stage130.prefab,無,0,,,
Stage131,Assets/Prefabs/Stages/Stage131.prefab,無,0,,,
Stage132,Assets/Prefabs/Stages/Stage132.prefab,無,0,,,
Stage133,Assets/Prefabs/Stages/Stage133.prefab,無,0,,,
Stage134,Assets/Prefabs/Stages/Stage134.prefab,無,0,,,
Stage135,Assets/Prefabs/Stages/Stage135.prefab,無,0,,,
Stage136,Assets/Prefabs/Stages/Stage136.prefab,無,0,,,
Stage137,Assets/Prefabs/Stages/Stage137.prefab,無,0,,,
Stage138,Assets/Prefabs/Stages/Stage138.prefab,無,0,,,
Stage139,Assets/Prefabs/Stages/Stage139.prefab,無,0,,,
Stage140,Assets/Prefabs/Stages/Stage140.prefab,無,0,,,
Stage141,Assets/Prefabs/Stages/Stage141.prefab,無,0,,,
Stage142,Assets/Prefabs/Stages/Stage142.prefab,無,0,,,
Stage143,Assets/Prefabs/Stages/Stage143.prefab,無,0,,,
Stage144,Assets/Prefabs/Stages/Stage144.prefab,無,0,,,
Stage145,Assets/Prefabs/Stages/Stage145.prefab,無,0,,,
Stage146,Assets/Prefabs/Stages/Stage146.prefab,無,0,,,
Stage147,Assets/Prefabs/Stages/Stage147.prefab,無,0,,,
Stage148,Assets/Prefabs/Stages/Stage148.prefab,無,0,,,
Stage149,Assets/Prefabs/Stages/Stage149.prefab,無,0,,,
Stage150,Assets/Prefabs/Stages/Stage150.prefab,無,0,,,
Stage151,Assets/Prefabs/Stages/Stage151.prefab,無,0,,,
Stage152,Assets/Prefabs/Stages/Stage152.prefab,無,0,,,
Stage153,Assets/Prefabs/Stages/Stage153.prefab,無,0,,,
Stage154,Assets/Prefabs/Stages/Stage154.prefab,無,0,,,
Stage155,Assets/Prefabs/Stages/Stage155.prefab,無,0,,,
Stage156,Assets/Prefabs/Stages/Stage156.prefab,無,0,,,
Stage157,Assets/Prefabs/Stages/Stage157.prefab,無,0,,,
Stage158,Assets/Prefabs/Stages/Stage158.prefab,無,0,,,
Stage159,Assets/Prefabs/Stages/Stage159.prefab,無,0,,,
Stage160,Assets/Prefabs/Stages/Stage160.prefab,無,0,,,
Stage161,Assets/Prefabs/Stages/Stage161.prefab,無,0,,,
Stage162,Assets/Prefabs/Stages/Stage162.prefab,無,0,,,
Stage163,Assets/Prefabs/Stages/Stage163.prefab,無,0,,,
Stage164,Assets/Prefabs/Stages/Stage164.prefab,無,0,,,
Stage165,Assets/Prefabs/Stages/Stage165.prefab,無,0,,,
Stage166,Assets/Prefabs/Stages/Stage166.prefab,無,0,,,
Stage167,Assets/Prefabs/Stages/Stage167.prefab,無,0,,,
Stage168,Assets/Prefabs/Stages/Stage168.prefab,無,0,,,
Stage169,Assets/Prefabs/Stages/Stage169.prefab,無,0,,,
Stage170,Assets/Prefabs/Stages/Stage170.prefab,無,0,,,
Stage171,Assets/Prefabs/Stages/Stage171.prefab,無,0,,,
Stage172,Assets/Prefabs/Stages/Stage172.prefab,無,0,,,
Stage173,Assets/Prefabs/Stages/Stage173.prefab,無,0,,,
Stage174,Assets/Prefabs/Stages/Stage174.prefab,無,0,,,
Stage175,Assets/Prefabs/Stages/Stage175.prefab,無,0,,,
Stage176,Assets/Prefabs/Stages/Stage176.prefab,無,0,,,
Stage177,Assets/Prefabs/Stages/Stage177.prefab,無,0,,,
Stage178,Assets/Prefabs/Stages/Stage178.prefab,無,0,,,
Stage179,Assets/Prefabs/Stages/Stage179.prefab,無,0,,,
Stage180,Assets/Prefabs/Stages/Stage180.prefab,無,0,,,
Stage184,Assets/Prefabs/Stages/Stage184.prefab,無,0,,,
Stage185,Assets/Prefabs/Stages/Stage185.prefab,無,0,,,
Stage186,Assets/Prefabs/Stages/Stage186.prefab,無,0,,,
Stage187,Assets/Prefabs/Stages/Stage187.prefab,無,0,,,
Stage188,Assets/Prefabs/Stages/Stage188.prefab,無,0,,,
Stage189,Assets/Prefabs/Stages/Stage189.prefab,無,0,,,
Stage193,Assets/Prefabs/Stages/Stage193.prefab,無,0,,,
Stage194,Assets/Prefabs/Stages/Stage194.prefab,無,0,,,
Stage195,Assets/Prefabs/Stages/Stage195.prefab,無,0,,,
Stage196,Assets/Prefabs/Stages/Stage196.prefab,無,0,,,
Stage197,Assets/Prefabs/Stages/Stage197.prefab,無,0,,,
Stage198,Assets/Prefabs/Stages/Stage198.prefab,無,0,,,
Stage202,Assets/Prefabs/Stages/Stage202.prefab,無,0,,,
Stage203,Assets/Prefabs/Stages/Stage203.prefab,無,0,,,
Stage204,Assets/Prefabs/Stages/Stage204.prefab,無,0,,,
Stage205,Assets/Prefabs/Stages/Stage205.prefab,無,0,,,
Stage206,Assets/Prefabs/Stages/Stage206.prefab,無,0,,,
Stage207,Assets/Prefabs/Stages/Stage207.prefab,無,0,,,
Stage211,Assets/Prefabs/Stages/Stage211.prefab,無,0,,,
Stage212,Assets/Prefabs/Stages/Stage212.prefab,無,0,,,
Stage213,Assets/Prefabs/Stages/Stage213.prefab,無,0,,,
Stage214,Assets/Prefabs/Stages/Stage214.prefab,無,0,,,
Stage215,Assets/Prefabs/Stages/Stage215.prefab,無,0,,,
Stage216,Assets/Prefabs/Stages/Stage216.prefab,無,0,,,
Stage220,Assets/Prefabs/Stages/Stage220.prefab,無,0,,,
Stage221,Assets/Prefabs/Stages/Stage221.prefab,無,0,,,
Stage222,Assets/Prefabs/Stages/Stage222.prefab,無,0,,,
Stage223,Assets/Prefabs/Stages/Stage223.prefab,無,0,,,
Stage224,Assets/Prefabs/Stages/Stage224.prefab,無,0,,,
Stage225,Assets/Prefabs/Stages/Stage225.prefab,無,0,,,
Stage229,Assets/Prefabs/Stages/Stage229.prefab,無,0,,,
Stage230,Assets/Prefabs/Stages/Stage230.prefab,無,0,,,
Stage231,Assets/Prefabs/Stages/Stage231.prefab,無,0,,,
Stage232,Assets/Prefabs/Stages/Stage232.prefab,無,0,,,
Stage233,Assets/Prefabs/Stages/Stage233.prefab,無,0,,,
Stage234,Assets/Prefabs/Stages/Stage234.prefab,無,0,,,
Stage238,Assets/Prefabs/Stages/Stage238.prefab,無,0,,,
Stage239,Assets/Prefabs/Stages/Stage239.prefab,無,0,,,
Stage240,Assets/Prefabs/Stages/Stage240.prefab,無,0,,,
Stage241,Assets/Prefabs/Stages/Stage241.prefab,無,0,,,
Stage242,Assets/Prefabs/Stages/Stage242.prefab,無,0,,,
Stage243,Assets/Prefabs/Stages/Stage243.prefab,無,0,,,
Stage247,Assets/Prefabs/Stages/Stage247.prefab,無,0,,,
Stage248,Assets/Prefabs/Stages/Stage248.prefab,無,0,,,
Stage249,Assets/Prefabs/Stages/Stage249.prefab,無,0,,,
Stage250,Assets/Prefabs/Stages/Stage250.prefab,無,0,,,
Stage251,Assets/Prefabs/Stages/Stage251.prefab,無,0,,,
Stage252,Assets/Prefabs/Stages/Stage252.prefab,無,0,,,
Stage256,Assets/Prefabs/Stages/Stage256.prefab,無,0,,,
Stage257,Assets/Prefabs/Stages/Stage257.prefab,無,0,,,
Stage258,Assets/Prefabs/Stages/Stage258.prefab,無,0,,,
Stage259,Assets/Prefabs/Stages/Stage259.prefab,無,0,,,
Stage260,Assets/Prefabs/Stages/Stage260.prefab,無,0,,,
Stage261,Assets/Prefabs/Stages/Stage261.prefab,無,0,,,
Stage265,Assets/Prefabs/Stages/Stage265.prefab,無,0,,,
Stage266,Assets/Prefabs/Stages/Stage266.prefab,無,0,,,
Stage267,Assets/Prefabs/Stages/Stage267.prefab,無,0,,,
Stage268,Assets/Prefabs/Stages/Stage268.prefab,無,0,,,
Stage269,Assets/Prefabs/Stages/Stage269.prefab,無,0,,,
Stage270,Assets/Prefabs/Stages/Stage270.prefab,無,0,,,
Stage274,Assets/Prefabs/Stages/Stage274.prefab,無,0,,,
Stage275,Assets/Prefabs/Stages/Stage275.prefab,無,0,,,
Stage276,Assets/Prefabs/Stages/Stage276.prefab,無,0,,,
Stage277,Assets/Prefabs/Stages/Stage277.prefab,無,0,,,
Stage278,Assets/Prefabs/Stages/Stage278.prefab,無,0,,,
Stage279,Assets/Prefabs/Stages/Stage279.prefab,無,0,,,
Stage283,Assets/Prefabs/Stages/Stage283.prefab,無,0,,,
Stage284,Assets/Prefabs/Stages/Stage284.prefab,無,0,,,
Stage285,Assets/Prefabs/Stages/Stage285.prefab,無,0,,,
Stage286,Assets/Prefabs/Stages/Stage286.prefab,無,0,,,
Stage287,Assets/Prefabs/Stages/Stage287.prefab,無,0,,,
Stage288,Assets/Prefabs/Stages/Stage288.prefab,無,0,,,
Stage292,Assets/Prefabs/Stages/Stage292.prefab,無,0,,,
Stage293,Assets/Prefabs/Stages/Stage293.prefab,無,0,,,
Stage294,Assets/Prefabs/Stages/Stage294.prefab,無,0,,,
Stage295,Assets/Prefabs/Stages/Stage295.prefab,無,0,,,
Stage296,Assets/Prefabs/Stages/Stage296.prefab,無,0,,,
Stage297,Assets/Prefabs/Stages/Stage297.prefab,無,0,,,
Stage301,Assets/Prefabs/Stages/Stage301.prefab,無,0,,,
Stage302,Assets/Prefabs/Stages/Stage302.prefab,無,0,,,
Stage303,Assets/Prefabs/Stages/Stage303.prefab,無,0,,,
Stage304,Assets/Prefabs/Stages/Stage304.prefab,無,0,,,
Stage305,Assets/Prefabs/Stages/Stage305.prefab,無,0,,,
Stage306,Assets/Prefabs/Stages/Stage306.prefab,無,0,,,
Stage310,Assets/Prefabs/Stages/Stage310.prefab,無,0,,,
Stage311,Assets/Prefabs/Stages/Stage311.prefab,無,0,,,
Stage312,Assets/Prefabs/Stages/Stage312.prefab,無,0,,,
Stage313,Assets/Prefabs/Stages/Stage313.prefab,無,0,,,
Stage314,Assets/Prefabs/Stages/Stage314.prefab,無,0,,,
Stage315,Assets/Prefabs/Stages/Stage315.prefab,無,0,,,
Stage319,Assets/Prefabs/Stages/Stage319.prefab,無,0,,,
Stage320,Assets/Prefabs/Stages/Stage320.prefab,無,0,,,
Stage321,Assets/Prefabs/Stages/Stage321.prefab,無,0,,,
Stage322,Assets/Prefabs/Stages/Stage322.prefab,無,0,,,
Stage323,Assets/Prefabs/Stages/Stage323.prefab,無,0,,,
Stage324,Assets/Prefabs/Stages/Stage324.prefab,無,0,,,
Stage328,Assets/Prefabs/Stages/Stage328.prefab,無,0,,,
Stage329,Assets/Prefabs/Stages/Stage329.prefab,無,0,,,
Stage330,Assets/Prefabs/Stages/Stage330.prefab,無,0,,,
Stage331,Assets/Prefabs/Stages/Stage331.prefab,無,0,,,
Stage332,Assets/Prefabs/Stages/Stage332.prefab,無,0,,,
Stage333,Assets/Prefabs/Stages/Stage333.prefab,無,0,,,
Stage337,Assets/Prefabs/Stages/Stage337.prefab,無,0,,,
Stage338,Assets/Prefabs/Stages/Stage338.prefab,無,0,,,
Stage339,Assets/Prefabs/Stages/Stage339.prefab,無,0,,,
Stage340,Assets/Prefabs/Stages/Stage340.prefab,無,0,,,
Stage341,Assets/Prefabs/Stages/Stage341.prefab,無,0,,,
Stage342,Assets/Prefabs/Stages/Stage342.prefab,無,0,,,
Stage346,Assets/Prefabs/Stages/Stage346.prefab,無,0,,,
Stage347,Assets/Prefabs/Stages/Stage347.prefab,無,0,,,
Stage348,Assets/Prefabs/Stages/Stage348.prefab,無,0,,,
Stage349,Assets/Prefabs/Stages/Stage349.prefab,無,0,,,
Stage350,Assets/Prefabs/Stages/Stage350.prefab,無,0,,,
Stage351,Assets/Prefabs/Stages/Stage351.prefab,無,0,,,
Stage355,Assets/Prefabs/Stages/Stage355.prefab,無,0,,,
Stage356,Assets/Prefabs/Stages/Stage356.prefab,無,0,,,
Stage357,Assets/Prefabs/Stages/Stage357.prefab,無,0,,,
Stage358,Assets/Prefabs/Stages/Stage358.prefab,無,0,,,
Stage359,Assets/Prefabs/Stages/Stage359.prefab,無,0,,,
Stage360,Assets/Prefabs/Stages/Stage360.prefab,無,0,,,
Stage361,Assets/Prefabs/Stages/Stage361.prefab,無,0,,,
Stage362,Assets/Prefabs/Stages/Stage362.prefab,無,0,,,
Stage363,Assets/Prefabs/Stages/Stage363.prefab,無,0,,,
Stage364,Assets/Prefabs/Stages/Stage364.prefab,無,0,,,
Stage365,Assets/Prefabs/Stages/Stage365.prefab,無,0,,,
Stage366,Assets/Prefabs/Stages/Stage366.prefab,無,0,,,
Stage367,Assets/Prefabs/Stages/Stage367.prefab,無,0,,,
Stage368,Assets/Prefabs/Stages/Stage368.prefab,無,0,,,
Stage369,Assets/Prefabs/Stages/Stage369.prefab,無,0,,,
Stage370,Assets/Prefabs/Stages/Stage370.prefab,無,0,,,
Stage371,Assets/Prefabs/Stages/Stage371.prefab,無,0,,,
Stage372,Assets/Prefabs/Stages/Stage372.prefab,無,0,,,
Stage373,Assets/Prefabs/Stages/Stage373.prefab,無,0,,,
Stage374,Assets/Prefabs/Stages/Stage374.prefab,無,0,,,
Stage375,Assets/Prefabs/Stages/Stage375.prefab,無,0,,,
Stage376,Assets/Prefabs/Stages/Stage376.prefab,無,0,,,
Stage377,Assets/Prefabs/Stages/Stage377.prefab,無,0,,,
Stage378,Assets/Prefabs/Stages/Stage378.prefab,無,0,,,
Stage379,Assets/Prefabs/Stages/Stage379.prefab,無,0,,,
Stage380,Assets/Prefabs/Stages/Stage380.prefab,無,0,,,
Stage381,Assets/Prefabs/Stages/Stage381.prefab,無,0,,,
Stage382,Assets/Prefabs/Stages/Stage382.prefab,無,0,,,
Stage383,Assets/Prefabs/Stages/Stage383.prefab,無,0,,,
Stage384,Assets/Prefabs/Stages/Stage384.prefab,無,0,,,
Stage385,Assets/Prefabs/Stages/Stage385.prefab,無,0,,,
Stage386,Assets/Prefabs/Stages/Stage386.prefab,無,0,,,
Stage387,Assets/Prefabs/Stages/Stage387.prefab,無,0,,,
Stage388,Assets/Prefabs/Stages/Stage388.prefab,無,0,,,
Stage389,Assets/Prefabs/Stages/Stage389.prefab,無,0,,,
Stage390,Assets/Prefabs/Stages/Stage390.prefab,無,0,,,
Stage391,Assets/Prefabs/Stages/Stage391.prefab,無,0,,,
Stage392,Assets/Prefabs/Stages/Stage392.prefab,無,0,,,
Stage393,Assets/Prefabs/Stages/Stage393.prefab,無,0,,,
Stage394,Assets/Prefabs/Stages/Stage394.prefab,無,0,,,
Stage395,Assets/Prefabs/Stages/Stage395.prefab,無,0,,,
Stage396,Assets/Prefabs/Stages/Stage396.prefab,無,0,,,
Stage397,Assets/Prefabs/Stages/Stage397.prefab,無,0,,,
Stage398,Assets/Prefabs/Stages/Stage398.prefab,無,0,,,
Stage399,Assets/Prefabs/Stages/Stage399.prefab,無,0,,,
Stage400,Assets/Prefabs/Stages/Stage400.prefab,無,0,,,
Stage401,Assets/Prefabs/Stages/Stage401.prefab,無,0,,,
Stage402,Assets/Prefabs/Stages/Stage402.prefab,無,0,,,
Stage403,Assets/Prefabs/Stages/Stage403.prefab,無,0,,,
Stage404,Assets/Prefabs/Stages/Stage404.prefab,無,0,,,
Stage405,Assets/Prefabs/Stages/Stage405.prefab,無,0,,,
Stage406,Assets/Prefabs/Stages/Stage406.prefab,無,0,,,
Stage407,Assets/Prefabs/Stages/Stage407.prefab,無,0,,,
Stage408,Assets/Prefabs/Stages/Stage408.prefab,無,0,,,
Stage409,Assets/Prefabs/Stages/Stage409.prefab,無,0,,,
Stage410,Assets/Prefabs/Stages/Stage410.prefab,無,0,,,
Stage411,Assets/Prefabs/Stages/Stage411.prefab,無,0,,,
Stage412,Assets/Prefabs/Stages/Stage412.prefab,無,0,,,
Stage413,Assets/Prefabs/Stages/Stage413.prefab,無,0,,,
Stage414,Assets/Prefabs/Stages/Stage414.prefab,無,0,,,
Stage415,Assets/Prefabs/Stages/Stage415.prefab,無,0,,,
Stage416,Assets/Prefabs/Stages/Stage416.prefab,無,0,,,
Stage417,Assets/Prefabs/Stages/Stage417.prefab,無,0,,,
Stage418,Assets/Prefabs/Stages/Stage418.prefab,無,0,,,
Stage419,Assets/Prefabs/Stages/Stage419.prefab,無,0,,,
Stage420,Assets/Prefabs/Stages/Stage420.prefab,無,0,,,
Stage421,Assets/Prefabs/Stages/Stage421.prefab,無,0,,,
Stage422,Assets/Prefabs/Stages/Stage422.prefab,無,0,,,
Stage423,Assets/Prefabs/Stages/Stage423.prefab,無,0,,,
Stage424,Assets/Prefabs/Stages/Stage424.prefab,無,0,,,
Stage425,Assets/Prefabs/Stages/Stage425.prefab,無,0,,,
Stage426,Assets/Prefabs/Stages/Stage426.prefab,無,0,,,
Stage427,Assets/Prefabs/Stages/Stage427.prefab,無,0,,,
Stage428,Assets/Prefabs/Stages/Stage428.prefab,無,0,,,
Stage429,Assets/Prefabs/Stages/Stage429.prefab,無,0,,,
Stage430,Assets/Prefabs/Stages/Stage430.prefab,無,0,,,
Stage431,Assets/Prefabs/Stages/Stage431.prefab,無,0,,,
Stage432,Assets/Prefabs/Stages/Stage432.prefab,無,0,,,
Stage433,Assets/Prefabs/Stages/Stage433.prefab,無,0,,,
Stage434,Assets/Prefabs/Stages/Stage434.prefab,無,0,,,
Stage435,Assets/Prefabs/Stages/Stage435.prefab,無,0,,,
Stage436,Assets/Prefabs/Stages/Stage436.prefab,無,0,,,
Stage437,Assets/Prefabs/Stages/Stage437.prefab,無,0,,,
Stage438,Assets/Prefabs/Stages/Stage438.prefab,無,0,,,
Stage439,Assets/Prefabs/Stages/Stage439.prefab,無,0,,,
Stage440,Assets/Prefabs/Stages/Stage440.prefab,無,0,,,
Stage441,Assets/Prefabs/Stages/Stage441.prefab,無,0,,,
Stage442,Assets/Prefabs/Stages/Stage442.prefab,無,0,,,
Stage443,Assets/Prefabs/Stages/Stage443.prefab,無,0,,,
Stage444,Assets/Prefabs/Stages/Stage444.prefab,無,0,,,
Stage445,Assets/Prefabs/Stages/Stage445.prefab,無,0,,,
Stage446,Assets/Prefabs/Stages/Stage446.prefab,無,0,,,
Stage447,Assets/Prefabs/Stages/Stage447.prefab,無,0,,,
Stage448,Assets/Prefabs/Stages/Stage448.prefab,無,0,,,
Stage449,Assets/Prefabs/Stages/Stage449.prefab,無,0,,,
Stage450,Assets/Prefabs/Stages/Stage450.prefab,無,0,,,
Stage451,Assets/Prefabs/Stages/Stage451.prefab,無,0,,,
Stage452,Assets/Prefabs/Stages/Stage452.prefab,無,0,,,
Stage453,Assets/Prefabs/Stages/Stage453.prefab,無,0,,,
Stage454,Assets/Prefabs/Stages/Stage454.prefab,無,0,,,
Stage455,Assets/Prefabs/Stages/Stage455.prefab,無,0,,,
Stage456,Assets/Prefabs/Stages/Stage456.prefab,無,0,,,
Stage457,Assets/Prefabs/Stages/Stage457.prefab,無,0,,,
Stage458,Assets/Prefabs/Stages/Stage458.prefab,無,0,,,
Stage459,Assets/Prefabs/Stages/Stage459.prefab,無,0,,,
Stage460,Assets/Prefabs/Stages/Stage460.prefab,無,0,,,
Stage461,Assets/Prefabs/Stages/Stage461.prefab,無,0,,,
Stage462,Assets/Prefabs/Stages/Stage462.prefab,無,0,,,
Stage463,Assets/Prefabs/Stages/Stage463.prefab,無,0,,,
Stage464,Assets/Prefabs/Stages/Stage464.prefab,無,0,,,
Stage465,Assets/Prefabs/Stages/Stage465.prefab,無,0,,,
Stage466,Assets/Prefabs/Stages/Stage466.prefab,無,0,,,
Stage467,Assets/Prefabs/Stages/Stage467.prefab,無,0,,,
Stage468,Assets/Prefabs/Stages/Stage468.prefab,無,0,,,
Stage469,Assets/Prefabs/Stages/Stage469.prefab,無,0,,,
Stage470,Assets/Prefabs/Stages/Stage470.prefab,無,0,,,
Stage471,Assets/Prefabs/Stages/Stage471.prefab,無,0,,,
Stage472,Assets/Prefabs/Stages/Stage472.prefab,無,0,,,
Stage473,Assets/Prefabs/Stages/Stage473.prefab,無,0,,,
Stage474,Assets/Prefabs/Stages/Stage474.prefab,無,0,,,
Stage475,Assets/Prefabs/Stages/Stage475.prefab,無,0,,,
Stage476,Assets/Prefabs/Stages/Stage476.prefab,無,0,,,
Stage477,Assets/Prefabs/Stages/Stage477.prefab,無,0,,,
Stage478,Assets/Prefabs/Stages/Stage478.prefab,無,0,,,
Stage479,Assets/Prefabs/Stages/Stage479.prefab,無,0,,,
Stage480,Assets/Prefabs/Stages/Stage480.prefab,無,0,,,
Stage481,Assets/Prefabs/Stages/Stage481.prefab,無,0,,,
Stage482,Assets/Prefabs/Stages/Stage482.prefab,無,0,,,
Stage483,Assets/Prefabs/Stages/Stage483.prefab,無,0,,,
Stage484,Assets/Prefabs/Stages/Stage484.prefab,無,0,,,
Stage485,Assets/Prefabs/Stages/Stage485.prefab,無,0,,,
Stage486,Assets/Prefabs/Stages/Stage486.prefab,無,0,,,
Stage487,Assets/Prefabs/Stages/Stage487.prefab,無,0,,,
Stage488,Assets/Prefabs/Stages/Stage488.prefab,無,0,,,
Stage489,Assets/Prefabs/Stages/Stage489.prefab,無,0,,,
Stage490,Assets/Prefabs/Stages/Stage490.prefab,無,0,,,
Stage491,Assets/Prefabs/Stages/Stage491.prefab,無,0,,,
Stage492,Assets/Prefabs/Stages/Stage492.prefab,無,0,,,
Stage493,Assets/Prefabs/Stages/Stage493.prefab,無,0,,,
Stage494,Assets/Prefabs/Stages/Stage494.prefab,無,0,,,
Stage495,Assets/Prefabs/Stages/Stage495.prefab,無,0,,,
Stage496,Assets/Prefabs/Stages/Stage496.prefab,無,0,,,
Stage497,Assets/Prefabs/Stages/Stage497.prefab,無,0,,,
Stage498,Assets/Prefabs/Stages/Stage498.prefab,無,0,,,
Stage499,Assets/Prefabs/Stages/Stage499.prefab,無,0,,,
Stage500,Assets/Prefabs/Stages/Stage500.prefab,無,0,,,
Stage501,Assets/Prefabs/Stages/Stage501.prefab,無,0,,,
Stage502,Assets/Prefabs/Stages/Stage502.prefab,無,0,,,
Stage503,Assets/Prefabs/Stages/Stage503.prefab,無,0,,,
Stage504,Assets/Prefabs/Stages/Stage504.prefab,無,0,,,
